# stage	batch	agent	state
collect	01	ad4aa9656bfc9ba40	done
collect	02	a44a957b9454fb3fc	done
collect	03	a916a7921324ad7b8	done
collect	04	a5cff722989b9bbc4	done
collect	05	a65d4c485e9d28224	done
collect	06	accfe2f7fd228f202	done
collect	07	adf989bf6c339c61a	done
verify	05	a7cd3fee0367e1036	merged
collect	08	a5ecde4f196da4c0b	done
verify	04	af3b76e37df0c8a8a	merged
collect	09	a6e7c42eedbdabb9d	done
collect	10	aac505e0dcea5f7db	running
verify	07	a1bf959ceb31afbf9	merged
collect	11	a2fcce39f7ff1dbe2	done
verify	01	a0027b48d6576296d	merged
collect	12	a34f6cec5c781ad5b	done
verify	03	a63dc482b93c1d42c	merged
collect	13	a94fbac93ac11b8f6	done
verify	06	adb234db65d3dbfc3	merged
verify	12	a105133cded049795	merged
collect	14	a128030271f18cb0b	done
verify	02	ac6209d5ae759f914	running
verify	09	aca22ce9885c96a4e	running
verify	11	ae5f21a4d146b9d11	running
collect	15	abceba2c7eb9a682c	running
verify	08	abe07b2fb9c511540	running
collect	16	a7711ff457d82bcad	running
verify	14	ab2a382be85cd1990	running
collect	17	ae35c069ff756c6ac	running
verify	13	aa03a7c1f9a13a83e	running
