place_id,country,tier,name_ko,item,item_ko,kind,reason,note,value,source_url,source_type,checked_at,memo
kr-gangwon-namiseom,kr,A,남이섬,duration,소요시간,gap,not_in_official_source,공식 안내의 권장 소요시간을 찾지 못함,,,,,
kr-gangwon-namiseom,kr,A,남이섬,hours,운영시간,partial,conflicting_sources,"hours.conflict: 111127 페이지는 08:00~21:00(연장 시즌 있음), 215120 기사(2024-08 갱신)는 9/13~11/17 07:30~21:30. 기사가 12개월 이상 경과한 stale_source이며 2026년 값은 공식 사이트 확인 불가",,,,,
kr-gangwon-namiseom,kr,A,남이섬,fees,요금,partial,conflicting_sources,"fees.conflict: 입장료 구분 라벨이 관광공사 두 페이지에서 다름: 111127 페이지는 일반/할인/특별 19,000/16,000/13,000원 및 3세 이하 무료, 215120 기사(2024-08)는 성인/중고생/초등생 이하 19,000/16,000/13,000원. 금액 자체는 같고 대상 구분만 다름. 공식 namisum.com 확인 불가",,,,,
kr-gangwon-namiseom,kr,A,남이섬,reservation,예약,gap,not_in_official_source,입장권 사전 예약 여부는 공식 사이트 접근 불가로 확인하지 못함. 셔틀버스만 온라인 예약 필요(관광공사 기사),,,,,
kr-gangwon-namiseom,kr,A,남이섬,payment,결제,gap,official_unreachable,남이섬 공식 사이트(namisum.com)가 이 환경에서 403/접근 제한으로 열리지 않아 결제수단을 확인하지 못함,,,,,
kr-gangwon-namiseom,kr,A,남이섬,language,한국어 지원,partial,not_in_official_source,language: 남이섬 자체의 한국어 안내·오디오가이드 여부는 출처에 없음,,,,,
kr-gangwon-namiseom,kr,A,남이섬,caution,주의사항,partial,not_in_official_source,caution: 혼잡 시기·금지사항(반려동물 등)은 공식 출처에서 확인하지 못함,,,,,
kr-gangwon-seoraksan-parent,kr,A,설악산,hours,운영시간,partial,not_in_official_source,hours: 오늘(2026-10-11) 케이블카 운행시간은 매일 갱신되는 홈페이지 표시 내용이라 고정 URL로 확인 불가. 게시된 예시는 7월 날짜뿐,,,,,
kr-gangwon-seoraksan-parent,kr,A,설악산,fees,요금,partial,conflicting_sources,"fees.conflict: 설악산 입장료 3,500원 표기를 일부 검색 결과에서 봤으나 공식 페이지에서 확인되지 않음. 관광공사 탐방안내소는 무료, 운영사는 문화재구역 입장료 없음으로 안내. 국립공원공단(knps.or.kr)은 WAF로 차단되어 직접 확인 불가",,,,,
kr-gangwon-seoraksan-parent,kr,A,설악산,payment,결제,gap,not_in_official_source,결제수단(카드·현금·모바일)은 운영사 페이지에 명시되지 않음,,,,,
kr-gangwon-seoraksan-parent,kr,A,설악산,language,한국어 지원,partial,not_in_official_source,language: 한국어 안내·오디오가이드 여부는 출처에 없음,,,,,
kr-gangwon-seoraksan-parent,kr,A,설악산,caution,주의사항,partial,not_in_official_source,caution: 입산 통제 2026년 정확한 구간·기간은 국립공원공단 접근 불가로 확인 못함. 2024-09 갱신 기사 기준은 stale_source(12개월 이상 경과),,,,,
kr-gangwon-sokcho-overview,kr,A,속초,location,위치,partial,conflicting_sources,"location.conflict: 갯배 선착장 도로명 번호가 같은 관광공사 페이지 안에서 한글 중앙부두길 51, 영문 39로 다름(70424)",,,,,
kr-gangwon-sokcho-overview,kr,A,속초,hours,운영시간,gap,not_in_official_source,갯배 운항시간과 아바이마을 개방 시간은 공식 출처에서 찾지 못함(속초시·sokchotour.com 접근 차단),,,,,
kr-gangwon-sokcho-overview,kr,A,속초,fees,요금,gap,not_in_official_source,아바이마을 입장료와 갯배 요금은 공식 출처에 명시되지 않음. 비공식 기사의 500원 등은 근거로 쓰지 않음,,,,,
kr-gangwon-sokcho-overview,kr,A,속초,reservation,예약,gap,not_in_official_source,예약 필요 여부는 출처에 없음(갯배는 현장 이용으로 추정되나 확인 못함),,,,,
kr-gangwon-sokcho-overview,kr,A,속초,payment,결제,gap,not_in_official_source,갯배 결제수단은 공식 출처에서 확인 못함,,,,,
kr-gangwon-sokcho-overview,kr,A,속초,language,한국어 지원,partial,not_in_official_source,language: 한국어 안내 별도 표기는 출처에 없음,,,,,
kr-gangwon-sokcho-overview,kr,A,속초,caution,주의사항,gap,not_in_official_source,관광특구 전체 혼잡 시기·안전 주의는 공식 출처에서 확인하지 못함,,,,,
kr-gyeongbuk-bulguksa-seokguram-group,kr,A,경주 불국사·석굴암,access,접근·주차,partial,not_in_official_source,access.bus_schedule: 불국사 찾아오시는 길의 '석굴암 버스 운행시간표' 링크 내용은 열어 확인하지 못했다. 불국사 페이지(10·11번)와 석굴암 페이지(10·11·700번)의 버스 번호 안내가 달라 번호는 두 출처를 병기함.,,,,,
kr-gyeongbuk-bulguksa-seokguram-group,kr,A,경주 불국사·석굴암,duration,소요시간,gap,not_in_official_source,공식 사이트에 소요시간 안내가 없다.,,,,,
kr-gyeongbuk-bulguksa-seokguram-group,kr,A,경주 불국사·석굴암,hours,운영시간,partial,conflicting_sources,"hours.conflict: 경주시 관광 페이지(gyeongju.go.kr/tour)는 열리지 않아 대조하지 못했고, 검색 요약에 하절기 18:00/10월 17:30/동절기 17:00으로 같은 취지가 나왔으나 원문 미확인이라 채택하지 않음. 불국사·석굴암 공식 사이트는 서로 일치.",,,,,
kr-gyeongbuk-bulguksa-seokguram-group,kr,A,경주 불국사·석굴암,reservation,예약,gap,not_in_official_source,두 공식 사이트 모두 사전 예약 안내가 없다.,,,,,
kr-gyeongbuk-bulguksa-seokguram-group,kr,A,경주 불국사·석굴암,payment,결제,gap,not_in_official_source,주차요금 결제수단 등 안내가 공식 사이트에 없다.,,,,,
kr-gyeongbuk-bulguksa-seokguram-group,kr,A,경주 불국사·석굴암,language,한국어 지원,gap,not_in_official_source,한국어 오디오가이드·해설 안내는 확인되지 않았다(사이트에 영·중·일 언어 메뉴만 있고 해설 서비스 정보 없음).,,,,,
kr-jeju-hallasan,kr,A,한라산,location,위치,partial,not_in_official_source,location.admin_region: 한라산 전체의 행정구역(제주시·서귀포시 걸침)을 명시한 공식 문구는 못 찾음. 관리소 소재지가 제주시인 점만 확인됨.,,,,,
kr-jeju-hallasan,kr,A,한라산,hours,운영시간,partial,not_in_official_source,hours.page_updated: visithalla 탐방로 페이지와 비짓제주 페이지에 갱신일 표기가 없음.,,,,,
kr-jeju-hallasan,kr,A,한라산,closed_days,휴무,gap,not_in_official_source,정기 휴무일 안내 없음. 기상 이변 시 통제된다는 문구만 있음.,,,,,
kr-jeju-hallasan,kr,A,한라산,reservation,예약,partial,not_in_official_source,"reservation.current_rules: 1인 4명·주1회·취소 규정은 2022-03-29 공지이며, 2025-12-01 이후 시간대 변경 공지는 본문을 확인하지 못해 현재 규정과 같은지 불명.",,,,,
kr-jeju-hallasan,kr,A,한라산,payment,결제,gap,not_in_official_source,주차장·야영장 결제 수단 안내를 공식 페이지에서 찾지 못함.,,,,,
kr-jeju-hallasan,kr,A,한라산,language,한국어 지원,gap,not_in_official_source,한국어 안내판·외국어 지원 정보를 공식 페이지에서 찾지 못함(예약시스템 언어 지원 미확인).,,,,,
kr-jeju-hallasan,kr,A,한라산,caution,주의사항,partial,not_in_official_source,caution.gwaneumsa_reopen: 관음사 삼각봉~백록담 통제가 9월 30일 종료 후 정상 재개됐는지 공식 페이지에서 확인하지 못함. 방문 전 예약시스템 공지 확인 필요.,,,,,
kr-jeju-hyeopjae,kr,A,협재해수욕장,access,접근·주차,gap,not_in_official_source,visitjeju 공식 페이지에 가장 가까운 정류장·도보/차량 시간 안내가 없다.,,,,,
kr-jeju-hyeopjae,kr,A,협재해수욕장,duration,소요시간,gap,not_in_official_source,공식 소요시간 안내를 찾지 못했다.,,,,,
kr-jeju-hyeopjae,kr,A,협재해수욕장,closed_days,휴무,gap,not_in_official_source,'상시 개방'만 기재되어 있고 휴무일 항목이 따로 없다(개장기간 외 운영은 별도 명시 없음).,,,,,
kr-jeju-hyeopjae,kr,A,협재해수욕장,fees,요금,partial,not_in_official_source,fees.entry: 입장료 무료 여부가 공식 페이지에 명시되어 있지 않다. 파라솔·평상 요금만 확인됨.,,,,,
kr-jeju-hyeopjae,kr,A,협재해수욕장,reservation,예약,gap,not_in_official_source,예약 관련 안내가 공식 페이지에 없다.,,,,,
kr-jeju-hyeopjae,kr,A,협재해수욕장,payment,결제,gap,not_in_official_source,결제수단 안내가 없다.,,,,,
kr-jeju-hyeopjae,kr,A,협재해수욕장,language,한국어 지원,gap,not_in_official_source,한국어 안내·오디오가이드 관련 기재가 없다(한국어 페이지 자체가 한국어).,,,,,
kr-jeju-seongsan-ilchulbong,kr,A,성산일출봉,access,접근·주차,partial,not_in_official_source,access.station: 가장 가까운 정류장 이름·도보 시간이 공식 페이지에 없음(버스는 '성산' 하차 문구만 있음).,,,,,
kr-jeju-seongsan-ilchulbong,kr,A,성산일출봉,hours,운영시간,partial,not_in_official_source,hours.page_updated: 두 공식 페이지 모두 갱신일 표기가 없어 12개월 이내 갱신 여부 확인 불가.,,,,,
kr-jeju-seongsan-ilchulbong,kr,A,성산일출봉,fees,요금,partial,not_in_official_source,fees.exemption: 도민·장애인 등 면제 대상은 검색 요약에서만 보였고 공식 페이지 원문으로 확인하지 못해 제외함.,,,,,
kr-jeju-seongsan-ilchulbong,kr,A,성산일출봉,reservation,예약,gap,not_in_official_source,공식 페이지에 사전 예약 안내가 없음. 필요 여부 확인 불가.,,,,,
kr-jeju-seongsan-ilchulbong,kr,A,성산일출봉,payment,결제,gap,not_in_official_source,매표소 결제 수단 안내를 공식 페이지에서 찾지 못함.,,,,,
kr-jeju-seongsan-ilchulbong,kr,A,성산일출봉,language,한국어 지원,gap,not_in_official_source,한국어 안내·해설 관련 내용을 공식 페이지에서 찾지 못함(세계자연유산해설안내 별도 페이지는 미확인).,,,,,
kr-jeju-seongsan-ilchulbong,kr,A,성산일출봉,caution,주의사항,partial,not_in_official_source,caution: 기상 통제·혼잡 시기 등 안전 안내를 공식 페이지에서 찾지 못함.,,,,,
kr-jeju-seopjikoji,kr,A,섭지코지,access,접근·주차,partial,not_in_official_source,access: 공식 페이지에 가장 가까운 정류장·도보/차량 시간 안내가 없다.,,,,,
kr-jeju-seopjikoji,kr,A,섭지코지,duration,소요시간,gap,not_in_official_source,공식 소요시간 안내를 찾지 못했다.,,,,,
kr-jeju-seopjikoji,kr,A,섭지코지,hours,운영시간,gap,not_in_official_source,'연중무휴'만 기재되고 시간대(개방·마감) 안내가 없다. 24시간 개방이라는 정보는 비공식 목록에서만 보여 채택하지 않음.,,,,,
kr-jeju-seopjikoji,kr,A,섭지코지,fees,요금,gap,not_in_official_source,입장료(무료 여부)가 공식 페이지에 명시되어 있지 않다. 주차요금만 확인됨.,,,,,
kr-jeju-seopjikoji,kr,A,섭지코지,reservation,예약,gap,not_in_official_source,예약 관련 안내가 공식 페이지에 없다.,,,,,
kr-jeju-seopjikoji,kr,A,섭지코지,payment,결제,gap,not_in_official_source,결제수단 안내가 없다.,,,,,
kr-jeju-seopjikoji,kr,A,섭지코지,language,한국어 지원,gap,not_in_official_source,한국어 안내·오디오가이드 기재가 없다.,,,,,
kr-jeju-seopjikoji,kr,A,섭지코지,caution,주의사항,gap,not_in_official_source,공식 상세 본문에 안전·금지 사항 안내가 없다(검색 요약에 경사·화장실 접근성 언급이 있었으나 페이지 원문에서 확인되지 않아 제외).,,,,,
kr-jeju-udo,kr,A,우도,access,접근·주차,partial,not_in_official_source,access.terminal_address: 성산포항·종달항 여객터미널 주소는 공식 출처로 확인하지 못함.,,,,,
kr-jeju-udo,kr,A,우도,hours,운영시간,partial,not_in_official_source,hours.ferry_timetable: 첫배·막배·배차 간격의 공식 시간표를 찾지 못함. 공식 페이지는 당일 확인을 권고할 뿐임.,,,,,
kr-jeju-udo,kr,A,우도,hours,운영시간,partial,not_in_official_source,hours.page_updated: 공식 페이지에 갱신일 표기가 없음. 본문에 2026년 8월 시행 내용이 있어 비교적 최근으로 보임.,,,,,
kr-jeju-udo,kr,A,우도,closed_days,휴무,gap,not_in_official_source,공식 페이지에 휴무 안내가 없음. 배는 날씨에 따라 결항 가능.,,,,,
kr-jeju-udo,kr,A,우도,fees,요금,partial,not_in_official_source,fees.ferry: 도항선 운임은 공식 해운사·행정 페이지에서 확인하지 못함(검색에 나온 금액은 블로그뿐이라 제외).,,,,,
kr-jeju-udo,kr,A,우도,reservation,예약,gap,not_in_official_source,배표 사전 예약 여부를 공식 출처에서 확인하지 못함. 해설사 예약만 확인됨.,,,,,
kr-jeju-udo,kr,A,우도,payment,결제,gap,not_in_official_source,결제 수단 안내를 공식 출처에서 찾지 못함.,,,,,
kr-jeju-udo,kr,A,우도,language,한국어 지원,partial,not_in_official_source,language: 한국어 오디오가이드 여부는 확인하지 못함(해설사 해설은 언어 표기 없음).,,,,,
kr-seoul-gyeongbokgung,kr,A,경복궁,hours,운영시간,partial,conflicting_sources,"hours.conflict: 관람규칙 제4조는 11~1월 17:30까지로 적혀 있어 관람시간 페이지(11~12월 17:00)와 다름. 관람시간 페이지를 채택, 규칙 페이지는 낡았을 가능성",,,,,
kr-seoul-gyeongbokgung,kr,A,경복궁,fees,요금,partial,conflicting_sources,"fees.conflict: 국가유산청 관람정보(khs.go.kr)는 6세 이하·65세 이상 무료, 외국인 7~18세 1,500원, 매월 마지막 수요일 무료로 안내해 궁능유적본부 요금표(만 24세 이하 내국인 무료 등)와 다름. 본 자료는 궁능유적본부 R703000000을 채택하며 두 페이지 모두 갱신일이 없어 재확인 필요",,,,,
kr-seoul-gyeongbokgung,kr,A,경복궁,reservation,예약,partial,not_in_official_source,reservation.general_admission: 일반 입장권의 사전예약 필요 여부·오픈 시점이 관람요금·통합예약 페이지에 명시되어 있지 않음,,,,,
kr-seoul-gyeongbokgung,kr,A,경복궁,payment,결제,gap,not_in_official_source,매표소·온라인 결제수단(현금·카드·모바일)이 공식 요금 페이지에 없음,,,,,
kr-seoul-lotte-world,kr,A,롯데월드 어드벤처(잠실),duration,소요시간,gap,not_in_official_source,공식 안내에 권장 소요시간이 없음,,,,,
kr-seoul-lotte-world,kr,A,롯데월드 어드벤처(잠실),hours,운영시간,partial,not_in_official_source,"hours.weekly_pattern: 2026-10-11, 10-12, 10-16, 10-17만 조회함. 다른 날짜·시즌 시간은 달라질 수 있어 일반화하지 않음",,,,,
kr-seoul-lotte-world,kr,A,롯데월드 어드벤처(잠실),fees,요금,partial,not_in_official_source,"fees.base_price: 종합이용권·파크이용권 정상가(성인/청소년/어린이)를 공식 페이지에서 읽지 못함. 예매 사이트(advticket)는 로그인·API 인자가 필요했고, 확인된 금액은 제휴 프로모션가뿐이라 정가로 쓸 수 없음. 신문·블로그 가격은 근거로 쓰지 않음",,,,,
kr-seoul-lotte-world,kr,A,롯데월드 어드벤처(잠실),reservation,예약,partial,not_in_official_source,"reservation.entry_required: 입장 자체의 사전예약 필수 여부와 예매 오픈 시점이 공식 FAQ에 명시되어 있지 않음(온라인 예매는 가능, 현장 구매 가능성을 시사)",,,,,
kr-seoul-lotte-world,kr,A,롯데월드 어드벤처(잠실),payment,결제,partial,not_in_official_source,payment.onsite_methods: 현장 매표소의 결제수단 전체(현금·모바일 페이 등)는 확인하지 못함. 체크카드 가능 사실만 확인,,,,,
kr-seoul-lotte-world,kr,A,롯데월드 어드벤처(잠실),language,한국어 지원,partial,not_in_official_source,language.korean_service: 한국어 안내 여부는 사이트가 한국어라는 점 외에 별도 명시 없음. 외국어 가이드맵은 확인됨,,,,,
central-026,jp,A,기요미즈데라,duration,소요시간,gap,not_in_official_source,공식 안내에 권장 소요시간이 없음,,,,,
central-026,jp,A,기요미즈데라,closed_days,휴무,gap,not_in_official_source,공식 페이지에 정기 휴무일 언급이 없음(연중무휴라고 명시된 문장도 없음),,,,,
central-026,jp,A,기요미즈데라,fees,요금,partial,not_in_official_source,"fees.regular_admission: 일반(주간) 성인·어린이 입장료를 공식 사이트 텍스트에서 찾지 못함(access.php 등에 금액 없음, 이미지일 가능성). 일본정부관광국·교토시 페이지에도 없고 블로그·여행사 값은 근거로 쓸 수 없음",,,,,
central-026,jp,A,기요미즈데라,payment,결제,gap,not_in_official_source,입장료 결제수단(현금·카드·모바일)에 대한 공식 안내가 없음,,,,,
central-026,jp,A,기요미즈데라,language,한국어 지원,gap,not_in_official_source,한국어 안내판·오디오가이드에 대한 공식 안내가 없음(공식 사이트는 일본어·영어),,,,,
jp-osaka-dotonbori,jp,A,도톤보리,location,위치,partial,not_in_official_source,location: 지번 주소는 공식 출처에 없음. 좌표 대조(OSM)는 수행하지 않음,,,,,
jp-osaka-dotonbori,jp,A,도톤보리,duration,소요시간,gap,not_in_official_source,공식 페이지에 소요시간 안내 없음,,,,,
jp-osaka-dotonbori,jp,A,도톤보리,hours,운영시간,partial,not_in_official_source,hours: 리버워크 개방 시간은 공식 페이지에 없음. 외부 사이트 tonbori.jp 는 2015년 내용으로 오래됨(stale_source),,,,,
jp-osaka-dotonbori,jp,A,도톤보리,fees,요금,partial,not_in_official_source,fees: 도톤보리 지구 자체의 요금 문구는 없음. 무료 표기는 리버워크에 한정,,,,,
jp-osaka-dotonbori,jp,A,도톤보리,reservation,예약,gap,not_in_official_source,거리 지구라 예약 개념이 공식 페이지에 없음(점포별 별도),,,,,
jp-osaka-dotonbori,jp,A,도톤보리,payment,결제,gap,not_in_official_source,결제수단은 점포별이며 공식 안내 없음,,,,,
jp-osaka-dotonbori,jp,A,도톤보리,language,한국어 지원,gap,not_in_official_source,한국어 안내판·가이드 정보를 공식 출처에서 찾지 못함,,,,,
jp-osaka-dotonbori,jp,A,도톤보리,caution,주의사항,partial,not_in_official_source,"caution: 안전·금지·혼잡 시기 정보가 공식 페이지에 없음(블로그만 존재, 인용 불가)",,,,,
cn-chongqing-hongyadong,cn,A,훙야둥(홍야동),location,위치,gap,official_unreachable,"충칭시 정부(cq.gov.cn), 위중구 정부(cqyz.gov.cn), 충칭시 문화관광위(whlyw.cq.gov.cn) 페이지가 WebFetch 503, curl 연결 실패(000/503)로 모두 열리지 않아 unverifiable. 운영사 사이트 hongyadong.com 은 403. 3회 재시도 포함. / 주소(嘉陵江滨江路88号 추정)는 검색 결과 요약에서만 보았고 공식 페이지 본문을 직접 열지 못함. 기억·2차 출처 사용 안 함",,,,,
cn-chongqing-hongyadong,cn,A,훙야둥(홍야동),access,접근·주차,gap,official_unreachable,"충칭시 정부(cq.gov.cn), 위중구 정부(cqyz.gov.cn), 충칭시 문화관광위(whlyw.cq.gov.cn) 페이지가 WebFetch 503, curl 연결 실패(000/503)로 모두 열리지 않아 unverifiable. 운영사 사이트 hongyadong.com 은 403. 3회 재시도 포함. / 역·버스·주차 미확인(공식 페이지 열람 불가)",,,,,
cn-chongqing-hongyadong,cn,A,훙야둥(홍야동),duration,소요시간,gap,official_unreachable,"충칭시 정부(cq.gov.cn), 위중구 정부(cqyz.gov.cn), 충칭시 문화관광위(whlyw.cq.gov.cn) 페이지가 WebFetch 503, curl 연결 실패(000/503)로 모두 열리지 않아 unverifiable. 운영사 사이트 hongyadong.com 은 403. 3회 재시도 포함. / 미확인",,,,,
cn-chongqing-hongyadong,cn,A,훙야둥(홍야동),hours,운영시간,gap,official_unreachable,"충칭시 정부(cq.gov.cn), 위중구 정부(cqyz.gov.cn), 충칭시 문화관광위(whlyw.cq.gov.cn) 페이지가 WebFetch 503, curl 연결 실패(000/503)로 모두 열리지 않아 unverifiable. 운영사 사이트 hongyadong.com 은 403. 3회 재시도 포함. / 개방·점등 시간 미확인. 검색 요약에 2025년 5월과 2025년 2월 점등시간 변경 공지가 있다는 단서만 확인",,,,,
cn-chongqing-hongyadong,cn,A,훙야둥(홍야동),closed_days,휴무,gap,official_unreachable,"충칭시 정부(cq.gov.cn), 위중구 정부(cqyz.gov.cn), 충칭시 문화관광위(whlyw.cq.gov.cn) 페이지가 WebFetch 503, curl 연결 실패(000/503)로 모두 열리지 않아 unverifiable. 운영사 사이트 hongyadong.com 은 403. 3회 재시도 포함. / 미확인",,,,,
cn-chongqing-hongyadong,cn,A,훙야둥(홍야동),fees,요금,gap,official_unreachable,"충칭시 정부(cq.gov.cn), 위중구 정부(cqyz.gov.cn), 충칭시 문화관광위(whlyw.cq.gov.cn) 페이지가 WebFetch 503, curl 연결 실패(000/503)로 모두 열리지 않아 unverifiable. 운영사 사이트 hongyadong.com 은 403. 3회 재시도 포함. / 무료 여부 미확인(공식 열람 불가)",,,,,
cn-chongqing-hongyadong,cn,A,훙야둥(홍야동),reservation,예약,gap,official_unreachable,"충칭시 정부(cq.gov.cn), 위중구 정부(cqyz.gov.cn), 충칭시 문화관광위(whlyw.cq.gov.cn) 페이지가 WebFetch 503, curl 연결 실패(000/503)로 모두 열리지 않아 unverifiable. 운영사 사이트 hongyadong.com 은 403. 3회 재시도 포함. / WeChat 공식 계정 '洪崖洞' 사전 예약 여부·오픈 시점 미확인. 규정이 연도별로 바뀐 것으로 보여 최신 공지 직접 확인 필요",,,,,
cn-chongqing-hongyadong,cn,A,훙야둥(홍야동),payment,결제,gap,official_unreachable,"충칭시 정부(cq.gov.cn), 위중구 정부(cqyz.gov.cn), 충칭시 문화관광위(whlyw.cq.gov.cn) 페이지가 WebFetch 503, curl 연결 실패(000/503)로 모두 열리지 않아 unverifiable. 운영사 사이트 hongyadong.com 은 403. 3회 재시도 포함. / 미확인",,,,,
cn-chongqing-hongyadong,cn,A,훙야둥(홍야동),language,한국어 지원,gap,official_unreachable,"충칭시 정부(cq.gov.cn), 위중구 정부(cqyz.gov.cn), 충칭시 문화관광위(whlyw.cq.gov.cn) 페이지가 WebFetch 503, curl 연결 실패(000/503)로 모두 열리지 않아 unverifiable. 운영사 사이트 hongyadong.com 은 403. 3회 재시도 포함. / 미확인",,,,,
cn-chongqing-hongyadong,cn,A,훙야둥(홍야동),caution,주의사항,gap,official_unreachable,"충칭시 정부(cq.gov.cn), 위중구 정부(cqyz.gov.cn), 충칭시 문화관광위(whlyw.cq.gov.cn) 페이지가 WebFetch 503, curl 연결 실패(000/503)로 모두 열리지 않아 unverifiable. 운영사 사이트 hongyadong.com 은 403. 3회 재시도 포함. / 혼잡·한도 관련 공지 미확인",,,,,
east-sh-02,cn,A,예원,location,위치,partial,not_in_official_source,"location: 좌표 대조(OSM) 미수행. 상하이 정부 영문 사이트는 168 푸유로, 운영 사이트 사무소는 218 안런가로 표기가 갈림(입구별 주소)",,,,,
east-sh-02,cn,A,예원,access,접근·주차,partial,not_in_official_source,access: 역에서 도보 시간은 공식 출처에 없음,,,,,
east-sh-02,cn,A,예원,duration,소요시간,gap,not_in_official_source,공식 출처에 소요시간 안내 없음,,,,,
east-sh-02,cn,A,예원,hours,운영시간,partial,not_in_official_source,hours: 야간 개방·등불 행사 시간은 별도 공지 대상이며 상시 시간으로 확인 못함,,,,,
east-sh-02,cn,A,예원,reservation,예약,partial,not_in_official_source,"reservation: 일반 입장 예약 의무 여부와 외국인 여권 처리 규정이 공식 페이지에 없음. 2026 신년 등불 행사만 시간대 예약(해방일보 보도, 비공식 아님이나 행사 한정)",,,,,
east-sh-02,cn,A,예원,payment,결제,gap,not_in_official_source,결제수단(알리페이·위챗페이·외국 카드 포함)이 공식 페이지에 없음,,,,,
east-sh-02,cn,A,예원,language,한국어 지원,gap,not_in_official_source,한국어 안내·오디오가이드 정보 없음. 설비 정보 페이지는 이미지만 있어 텍스트 확인 불가. 2020년 공지의 무료 오디오가이드는 과거 정보,,,,,
